Substance_norm;Substance_texte;Nb_medicaments
NAN;nan;162
CEFIXIME;CEFIXIME;40
ARTESUNATE;ARTESUNATE;25
CALCIUM;CALCIUM;25
MENTHOL;MENTHOL;23
VITAMINE B 12;VITAMINE B 12;23
TENOFOVIR;TENOFOVIR;13
AMODIAQUINE;AMODIAQUINE;12
SULFADOXINE;SULFADOXINE;12
PHLOROGLUCINOL;PHLOROGLUCINOL;11
DIHYDROARTEMISININE;DIHYDROARTEMISININE;11
IODE DE POVIDONE;IODE DE POVIDONE;10
DEXTROMETHORPHANE;DEXTROMETHORPHANE;9
MINERAUX;MINERAUX;9
PIPERAQUINE;PIPERAQUINE;9
INSULINE HUMAINE;INSULINE HUMAINE;9
FLUTICASONE;FLUTICASONE;8
CEFTAZIDIME;CEFTAZIDIME;8
CHLORPHENIRAMINE;CHLORPHENIRAMINE;8
NITAZOXANIDE;NITAZOXANIDE;7
MULTIVITAMINES;MULTIVITAMINES;7
STAVUDINE;STAVUDINE;6
NIFUROXAZIDE;NIFUROXAZIDE;6
MELANGE D’EXTRAITS HOMEOPATHIQUES;MELANGE D’EXTRAITS HOMEOPATHIQUES;6
AMBROXOL;AMBROXOL;6
ACETAMINOPHENE;ACETAMINOPHENE;6
PIPER LONGUM;PIPER LONGUM;6
CHLORHEXIDINE;CHLORHEXIDINE;6
LAIT;LAIT;5
PARACETAMOL (ACETAMINOPHENE);PARACETAMOL (ACETAMINOPHENE);5
HUILE D’EUCALYPTUS;HUILE D’EUCALYPTUS;5
DIHYDROARTEMISINE;DIHYDROARTEMISINE;5
TRIMETAZIDINE;TRIMETAZIDINE;5
VITAMINES + MINERAUX;VITAMINES + MINERAUX;5
CANDESARTAN;CANDESARTAN;4
LAIT ECREME;LAIT ECREME;4
CARBASALATE CALCIQUE EN ACIDE ACETYL SALICYLIQUE;CARBASALATE CALCIQUE EN ACIDE ACETYL SALICYLIQUE;4
AMBRA;AMBRA;4
SULFATE DE FER;SULFATE DE FER;4
ALFUZOSINE;ALFUZOSINE;4
LYCOPODIUM;LYCOPODIUM;4
VALERINA;VALERINA;4
PHENIRAMINE;PHENIRAMINE;4
HUILE DE LIN;HUILE DE LIN;4
PEPER NIGRUM;PEPER NIGRUM;4
DIDANOSINE;DIDANOSINE;4
EUCALYPTOL;EUCALYPTOL;4
COMPLEXE D’HYDROXYDE DE POLYMALTOSE DE FER;COMPLEXE D’HYDROXYDE DE POLYMALTOSE DE FER;4
ETHAMBUTOL;ETHAMBUTOL;4
ZINGIBER OFFICINALE;ZINGIBER OFFICINALE;4
HYOSCINE BUTYLBROMIDE;HYOSCINE BUTYLBROMIDE;4
CLOBETASOL;CLOBETASOL;4
CITRATE D’AMMONIUM FERRIQUE;CITRATE D’AMMONIUM FERRIQUE;4
SALMETEROL XINAFOATE;SALMETEROL XINAFOATE;4
ENOXAPARINE;ENOXAPARINE;4
ADHATODA VASICA;ADHATODA VASICA;4
GRAMICIDINE;GRAMICIDINE;3
EAU PURIFIEE;EAU PURIFIÉE;3
TRIAMCINOLONE;TRIAMCINOLONE;3
TOLNAFTATE;TOLNAFTATE;3
GLUCIDES;glucides;3
DOXYLAMINE;DOXYLAMINE;3
GELEE ROYALE;GELEE ROYALE;3
DOPAMINE CHLORHYDRATE;DOPAMINE CHLORHYDRATE;3
MEBEVERINE;MEBEVERINE;3
PHENYLEPHRINE HYDROCHLORIDE;PHENYLEPHRINE HYDROCHLORIDE;3
DIPHENHYDRAMINE HCL;DIPHENHYDRAMINE-HCL;3
CHYMOTRYPSINE;CHYMOTRYPSINE;3
DILTIAZEM;DILTIAZEM;3
OXYMETAZOLINE;OXYMETAZOLINE;3
LIPIDES;lipides;3
CALCIUM;calcium;3
DHA;DHA;3
DAMIANA;DAMIANA;3
D.P.C.A. 2 FRESENIUS;D.P.C.A. 2 FRESENIUS;3
PYRANTEL;PYRANTEL;3
CLOMIFENE;CLOMIFENE;3
CEFIXIME;CÉFIXIME;3
CEFOPERAZONE;CEFOPERAZONE;3
FLUTICASONE PROPIONATE;FLUTICASONE PROPIONATE;3
METFORMINE HYDROCHLORIDE;METFORMINE HYDROCHLORIDE;3
SILICEA;SILICEA;3
CHLORE;chlore;3
CALCIUM;Calcium;3
ZOLPIDEM;ZOLPIDEM;3
VITAMINE ET MINERAUX;VITAMINE ET MINERAUX;3
LACTOSERUM;LACTOSÉRUM;3
ZINC ELEMENTAIRE;ZINC ELEMENTAIRE;3
VITAMINES( A,D,E,K,C B1, B6,B12,);Vitamines( A,D,E,K,C B1, B6,B12,);3
LECITHINE DE SOJA;LECITHINE DE SOJA;3
XYLOMETAZOLINE;XYLOMETAZOLINE;3
INDINAVIR;INDINAVIR;3
VIT C;VIT C;3
INSULINE;INSULINE;3
AGNUS CASTUS;AGNUS CASTUS;3
FIBRES ALIMENTAIRES;FIBRES ALIMENTAIRES;2
CETRIZINE;CETRIZINE;2
DEXTROMETORPHANE;DEXTROMETORPHANE;2
ALISKIRENE;ALISKIRENE;2
HYDROCOTYLE;HYDROCOTYLE;2
ALCOOL ETHYLIQUE A 95 %;ALCOOL ETHYLIQUE A 95 %;2
PORCINE HAUTEMENT PURIFIEE;PORCINE HAUTEMENT PURIFIEE;2
CHELIDONIUM D3;CHELIDONIUM D3;2
OVARINE;Ovarine;2
INSULINE BOVINE;INSULINE BOVINE;2
METAMIZOLE;METAMIZOLE;2
SOLUTION EAU DE MER 100% NATURELLE PHYSIOLOGIQUE RICHE EN OLIGO ELEMENT;SOLUTION EAU DE MER 100% NATURELLE PHYSIOLOGIQUE RICHE EN OLIGO-ELEMENT;2
DEXTROPROPOXYPHENE;DEXTROPROPOXYPHENE;2
CHLORURES;CHLORURES;2
CEFIXIM;CEFIXIM;2
FOENICULUM VULGARE;FOENICULUM VULGARE;2
INSULINE HUMAINE BIOGENETIQUE ISOPHANE ZINC CRISTALLISE;INSULINE HUMAINE BIOGENETIQUE ISOPHANE ZINC CRISTALLISE;2
HUILE ESSENTIELLE NATURELLE PURIFIEE DE MELALEUCA VIRIDIFLORA SELECTIONNE;HUILE ESSENTIELLE NATURELLE PURIFIÉE DE MELALEUCA VIRIDIFLORA SÉLECTIONNÉ;2
FUMARATE DE FER;FUMARATE DE FER;2
ACEROLA;ACEROLA;2
FRUCTO OLIGOSACCHARIDES;FRUCTO-OLIGOSACCHARIDES;2
HUILES VEGETALES;HUILES VEGETALES;2
HUILES VEGETALES;HUILES VÉGÉTALES;2
SULFATE CUIVRIQUE;SULFATE CUIVRIQUE;2
SULFADOXINE PYRIMETHAMINE;SULFADOXINE PYRIMETHAMINE;2
INSULINE HUMAINE BIOGENETIQUE EN SOLUTION;INSULINE HUMAINE BIOGENETIQUE EN SOLUTION;2
POLYMYXINE;POLYMYXINE;2
LACTOBACILLUS CASEI VARIETE RHAMNOSUS;LACTOBACILLUS CASEI VARIETE RHAMNOSUS;2
ETOFENAMATE;ETOFENAMATE;2
DICLOFENAC SEL DE SODIUM;DICLOFENAC SEL DE SODIUM;2
SIROP DE GLUCOSE;SIROP DE GLUCOSE;2
L DE SELS);L DE SELS);2
FER III;FER III;2
CHLORAMPHENICOL;CHLORAMPHENICOL;2
DIMETINDENUM MALEIC;DIMETINDENUM MALEIC;2
CITICOLINE;CITICOLINE;2
MOLYBDENE;MOLYBDENE;2
PROPYPHENAZONE;PROPYPHENAZONE;2
RUSCOGENINES;RUSCOGENINES;2
EXTRAIT DE GUARANA;EXTRAIT DE GUARANA;2
EXTRAIT FLUIDE D’ERISIMUM;EXTRAIT FLUIDE D’ERISIMUM;2
NAFTIDROFURYL OXALATE;NAFTIDROFURYL OXALATE;2
RIBOFLAVINE 5 PHOSPHATE;Riboflavine 5-phosphate;2
IMIPENEME;IMIPENEME;2
VITAMINE A PALMITATE;VITAMINE A PALMITATE;2
CLOMIFENE CITRATE;CLOMIFENE CITRATE;2
PYRIDOXINE HYDROCHLORIDE;PYRIDOXINE HYDROCHLORIDE;2
IMMUNOGLOBULINE D’ORIGINE EQUINE FABRIQUES A PARTIR DU PLASM;IMMUNOGLOBULINE D’ORIGINE EQUINE FABRIQUES A PARTIR DU PLASM;2
CONCENTRE DE PROTEINE DE LACTOSERUM;CONCENTRE DE PROTEINE DE LACTOSERUM;2
QUININE RESORCINE;QUININE RESORCINE;2
QUININE DIHYDROCHLORURE;QUININE DIHYDROCHLORURE;2
NEPAFENAC;NEPAFENAC;2
SACCHARUM;SACCHARUM;2
PROGUANIL CHLORHYDRATE;PROGUANIL CHLORHYDRATE;2
CYSTEATE DE ZINC;CYSTEATE DE ZINC;2
HUILE DE FENOUIL;HUILE DE FENOUIL;2
VIT E;Vit E;2
FER FERREUX;FER FERREUX;2
EXTRAIT ANTHOCYANOSIDIQUE DE VACCINIUM MYRTILLUS;EXTRAIT ANTHOCYANOSIDIQUE DE VACCINIUM MYRTILLUS;2
METHYLDOPA;METHYLDOPA;2
CHLOROQUINE PHOSPHATE;CHLOROQUINE PHOSPHATE;2
SERRATIOPEPTIDASE;SERRATIOPEPTIDASE;2
SELS MINERAUX;SELS MINERAUX;2
DEFLAZACORT;DEFLAZACORT;2
ADHOTORDA VASICA;ADHOTORDA VASICA;2
KAOLIN;KAOLIN;2
OCIMUM SANCTUM;OCIMUM SANCTUM;2
CHONDRITOINE;CHONDRITOINE;2
DACLATASVIR;DACLATASVIR;2
CHORPHENIRAMINE;CHORPHENIRAMINE;2
CHROME;CHROME;2
ACIDE CITRIQUE, SODIUM HYDROGENE DE CARBONATE, VIT C, CARBONATE DE CALCIUM, CARBONATE DE MAGNESIUM, ACIDE DE NICITINE ANUDE, VIT E, CALCIUM D PANTOTHENATE, VIT B6, VIT B2, VIT B1, ACIDE;Acide citrique, sodium hydrogéne de carbonate, vit C, carbonate de calcium, carbonate de magnésium, acide de nicitine anude, vit E, calcium-D-pantothenate, vit B6, vit B2, vit B1, acide;2
DIMETINDENE;DIMETINDENE;2
SULFAMETHOXYPYRAZINE;SULFAMETHOXYPYRAZINE;2
MAGNESII HYDROXIUM;MAGNESII HYDROXIUM;2
THIAMINE HYDROCHLORIDE;THIAMINE HYDROCHLORIDE;2
ASPIRINE;ASPIRINE;2
TRIPOLIDINE;TRIPOLIDINE;2
GOMENOL;GOMÉNOL;2
ZINCUM SARCOLACTICUM;ZINCUM SARCOLACTICUM;2
GLYCYRRHIZA GLABRA;GLYCYRRHIZA GLABRA;2
EAU DE MER FILTREE;EAU DE MER FILTREE;2
AZOTE;AZOTE;2
ESSENCE DE GIROFLE;ESSENCE DE GIROFLE;2
BUTOXYDE DE PIPERONYLE;BUTOXYDE DE PIPERONYLE;2
EAU DE MER DILUEE HYPERTONIQUE (EQUIVALENCE A 22 G;EAU DE MER DILUÉE HYPERTONIQUE (EQUIVALENCE A 22 G;2
EAU DE MER;EAU DE MER;2
GLYCIRRHIZA GLABRA;GLYCIRRHIZA GLABRA;2
BASE AQUEUSE;BASE AQUEUSE;2
TOCOPHERO ACETATE;TOCOPHÉRO ACÉTATE;2
GLYCINE SULFATE FERREUX;GLYCINE SULFATE FERREUX;2
ESSENCE DE MENTHE;ESSENCE DE MENTHE;2
THUYA OCCIDENTALIS;THUYA OCCIDENTALIS;2
ESSENCE DE BERGAMOTE;ESSENCE DE BERGAMOTE;2
PIDOLATE DE ZINC;PIDOLATE DE ZINC;2
GUAICOL GLYCERYL ETHER;GUAICOL GLYCERYL ETHER;2
ERYSIMUM;ERYSIMUM;2
LIPIDES;LIPIDES;2
EPHEDRINE;EPHEDRINE;2
ANTIGENE PROTEIQUE RECOMBINANT HBS(AGHBS);AntiGène proteique recombinant HBS(AGHBS);2
IRGASAN DP 300;IRGASAN DP 300;2
ARNICA MONTANA;ARNICA MONTANA;2
ARTEMISIA D;ARTEMISIA D;2
ENOXAPAINE;ENOXAPAINE;2
ARTESUNATE EN POUDRE;ARTESUNATE EN POUDRE;2
GUARANA;GUARANA;2
HEPARINE;HEPARINE;2
ERYTHROPOIETINE;ERYTHROPOIETINE;2
PHOSPHATE DE CALCIUM TRIBASIQUE;PHOSPHATE DE CALCIUM TRIBASIQUE;2
EMBLICA OFFICINALIS;EMBLICA OFFICINALIS;2
ERYTHROPOIETINE HUMAINE RECOMBINANTE ALPHA;ERYTHROPOIETINE HUMAINE RECOMBINANTE ALPHA;2
ASCORBATE DE DL LYSINE;ASCORBATE DE DL-LYSINE;2
PEPTONE;PEPTONE;2
THIAMPHENICOL;THIAMPHENICOL;2
ACIDE PYRUVIQUE;ACIDE PYRUVIQUE;2
BROMHEXINE CHLORHYDRATE;BROMHEXINE CHLORHYDRATE;2
INSULINE HUMAINE BIOGENETIQUE ISOPHANE ZINC CRISTALLISEE;INSULINE HUMAINE BIOGENETIQUE ISOPHANE ZINC CRISTALLISEE;2
DIPHENYLDRAMINE;DIPHENYLDRAMINE;2
GINKGO BILOBA;GINKGO BILOBA;2
BROMHEXINE;BROMHEXINE;2
DROTAVERINE CHLOHYDRATE;DROTAVERINE CHLOHYDRATE;2
GALACTO OLIGOSACCHARIDES;GALACTO-OLIGOSACCHARIDES;2
VIRUS DE L’HEPATITE A INACTIVE ET PURIFIE;Virus de l’hèpatite A inactivè et purifiè;2
GINKO BIBOLA;GINKO BIBOLA;2
TEINTURE DE LOBELIE;TEINTURE DE LOBELIE;2
GINSENG;GINSENG;2
BETAXOLOL;BETAXOLOL;2
BUFEXAMAC;BUFEXAMAC;2
GLUCIDES;GLUCIDES;2
DOXYLAMINE SUCCINATE;DOXYLAMINE SUCCINATE;2
TEINTURE DE POLYGALA;TEINTURE DE POLYGALA;2
MATIERES GRASSES;MATIERES GRASSES;2
BROMURE DE N.BUTYLHYOSCINE;BROMURE DE N.BUTYLHYOSCINE;2
BUTOXYDE DE PIPERONYL;BUTOXYDE DE PIPERONYL;2
DIPHENHYDRAMINE CHLORHYDRATE;DIPHENHYDRAMINE CHLORHYDRATE;2
MARRON D’INDE;MARRON D’INDE;2
TAMARIN;TAMARIN;2
NITRICUM ACIDUM;NITRICUM ACIDUM;1
NITRATE DE THIAMINE OU VITAMINE B1 10MG;NITRATE DE THIAMINE OU VITAMINE B1 10MG;1
NITROGLYCERINE;NITROGLYCERINE;1
NITROXOLINE;NITROXOLINE;1
PAPAVERINE;PAPAVERINE;1
NITRATE DE PHENYL;NITRATE DE PHENYL;1
NITRATE DE PHENYLMERCURIQUE;NITRATE DE PHÉNYLMERCURIQUE;1
JUS CONCENTRE D’ARGOUSIER;JUS CONCENTRE D’ARGOUSIER;1
PERMETHOL;PERMETHOL;1
PAEKDUSAN GUANNMOK DOBUSALII;PAEKDUSAN GUANNMOK DOBUSALII;1
NOSCAPINE HYDROCHLORIDE;NOSCAPINE HYDROCHLORIDE;1
PAPAINE;PAPAINE;1
NITRATE DE BISMUTH;NITRATE DE BISMUTH;1
KARKADE, ANIS, CUM;karkade, anis, cum;1
NIMESULIDE;NIMESULIDE;1
PERONEPRIL;PERONEPRIL;1
JUGLANS REGIA;JUGLANS REGIA;1
PALMITATE DETHYLHEXYL;PALMITATE DETHYLHEXYL;1
NICOTINATE DE PAPAVERINE;NICOTINATE DE PAPAVERINE;1
NICOTINAMIDE OU VITAMINE PP 50MG;NICOTINAMIDE OU VITAMINE PP 50MG;1
PAULLINIA CUPANA;PAULLINIA CUPANA;1
PERINDOPRIL ARGININE, INDAPAMIDE;PERINDOPRIL ARGININE, INDAPAMIDE;1
OLIGOSIDE DE NEISSERIA MENINGITIDIS DES SEROGROUPES A,C,W 135 ET Y;Oligoside de Neisseria meningitidis des sErogroupes A,C,W-135 et Y;1
ORGE;OrGe;1
ORCIPRENALINE SULFATE;ORCIPRENALINE SULFATE;1
KALCHLORICUM 2;KALCHLORICUM 2;1
OSMOLARITE;OSMOLARITE;1
PASSIFLORE;PASSIFLORE;1
OPC RAISIN;OPC Raisin;1
KALII PHOSPHA;KALII PHOSPHA;1
OMEGA 3;OMEGA 3;1
OLMESARTAN;OLMESARTAN;1
PARAFINE;PARAFINE;1
OXACILLINE BASE ANHYDRE;OXACILLINE BASE ANHYDRE;1
PARADICHLOROBENZENE;PARADICHLOROBENZÈNE;1
OXYMETAZOLINE HYDROCHLORIDE;OXYMÉTAZOLINE HYDROCHLORIDE;1
OLEORESINE DE CAPSICUM;OLEORESINE DE CAPSICUM;1
OCTAMINE;OCTAMINE;1
JUSQUIAME PULV;Jusquiame pulv;1
PEPTIDE DE COLLAGENE;PEPTIDE DE COLLAGENE;1
KANAMYCINE;KANAMYCINE;1
JUS D’ORANGE CONCENTRE;JUS D’ORANGE CONCENTRE;1
KALIUM IODATUM;KALIUM IODATUM;1
OXELADINE;OXELADINE;1
NUXVOMICA D;NUXVOMICA D;1
NUX VOMICA D3;NUX VOMICA D3;1
NUX VOMICA;NUX VOMICA;1
PANTETHINE;PANTETHINE;1
LINALOL;LINALOL;1
NIAOULI;NIAOULI;1
MALTODEXTRINE D’ERYSIUM;MALTODEXTRINE D’ERYSIUM;1
MAGNESIUM ELEMENT;MAGNESIUM ELEMENT;1
MAGNESIUM ELEMENTAIRE;MAGNÉSIUM ÉLÉMENTAIRE;1
MAGNESIUM METALLICUM;MAGNESIUM METALLICUM;1
LECITHINE DE SOJA;Lecithine de Soja;1
MAGNESIUM+VITAMINES;MAGNESIUM+VITAMINES;1
MALATHION;MALATHION;1
MALEATE DE CARBINOXAMINE;MALEATE DE CARBINOXAMINE;1
MALLATE DE CITRULLINE;MALLATE DE CITRULLINE;1
MALTDEXTRINE;MALTDEXTRINE;1
MALTODEXTRINE;MALTODEXTRINE;1
MANGANESE SOUS FORME DE SULFATE DE MANGANESE;MANGANESE SOUS FORME DE SULFATE DE MANGANESE;1
MAGNESIUM (SOUS FOORME DE GLUCONATE DE MAGNESIUM DIHYDRAT;MAGNESIUM (SOUS FOORME DE GLUCONATE DE MAGNESIUM DIHYDRAT;1
MANGANESE(SOUS FORME DE GLUCONATE DE MANGANESE DIHYDRATE);MANGANESE(SOUS FORME DE GLUCONATE DE MANGANESE DIHYDRATE);1
MASSACHUSETTS 2;MASSACHUSETTS 2;1
LEAF OF GINGKO BILOBA;LEAF OF GINGKO BILOBA;1
MEDROXYPROGESTARONE ACETATE;MEDROXYPROGESTARONE ACETATE;1
MEDROXYPROGESTERONE;MEDROXYPROGESTERONE;1
MELANGE DE PLANTES;MELANGE DE PLANTES;1
MELANGE D’ESSENCES;MELANGE D’ESSENCES;1
MELISSE;MELISSE;1
LACTOSERUM, LAIT ECREME, HUILE DE TOURNSOL A TAUX ELEVE EN ACIDE OLEIQUE;LACTOSÉRUM, LAIT ÉCRÉMÉ, HUILE DE TOURNSOL À TAUX ÉLEVÉ EN ACIDE OLÉIQUE;1
MENADIONE BISULFITE DE SODIUM;MENADIONE BISULFITE DE SODIUM;1
MAGNESIUM CUIVRE;MAGNESIUM-CUIVRE;1
LEDUR PALUSTRE;LEDUR PALUSTRE;1
NEFOPAM;NEFOPAM;1
LUPULINUM D;LUPULINUM D;1
LIMONENE;LIMONÉNE;1
LEVONORGESTREL MIVRONISE;LEVONORGESTREL MIVRONISE;1
LOBELIA D3;LOBELIA D3;1
LODOXAMIDE;LODOXAMIDE;1
LODOXAMIDE TROMETANOL;LODOXAMIDE TROMETANOL;1
LOPERAMIDE HYDROCHLORIDE;LOPERAMIDE HYDROCHLORIDE;1
LEVODROPROPIZINE;LEVODROPROPIZINE;1
LORATADINE MICRONISE;LORATADINE MICRONISE;1
LORATADINE MICRONISEE;LORATADINE MICRONISEE;1
LORNOXICAM;LORNOXICAM;1
LYCOPOD D3;LYCOPOD D3;1
MAGNESII PHOSPHAS;MAGNESII PHOSPHAS;1
LEVOCETIRIZINE DIHYDROCHLORIDE;LEVOCETIRIZINE DIHYDROCHLORIDE;1
LYNESTEROL;LYNESTEROL;1
LEUPRODICE;LEUPRODICE;1
LYNESTRENOL;LYNESTRENOL;1
LYSOZYME;LYSOZYME;1
LEPTENDRA D3;LEPTENDRA D3;1
MAG.OXIDE;MAG.OXIDE;1
MAGNESII BROMAS;MAGNESII BROMAS;1
LEIDIUM SATIVUM;LEIDIUM SATIVUM;1
MAGNESII CHLORAS;MAGNESII CHLORAS;1
LACTOBACILLUS RHAMNOSUS ME 40 MDS;Lactobacillus Rhamnosus ME 40 Mds;1
MENGLYTATE;MENGLYTATE;1
MENTHA PIPERITA;MENTHA PIPERITA;1
MONOHYDRATE DE LACTITOL;MONOHYDRATE DE LACTITOL;1
MIEL;MIEL;1
MILTIVITAMINES;MILTIVITAMINES;1
KULINJAN;KULINJAN;1
KOLATIER;Kolatier;1
MN;Mn;1
MO;Mo;1
MOLNUPIRAVIR;MOLNUPIRAVIR;1
MOLYBDENE;Molybdène;1
MONOHYDRATE;MONOHYDRATE;1
MONOHYDRATE DE CEFALEXINE;MONOHYDRATE DE CEFALEXINE;1
KININE;kinine;1
LACTOBACILLUS ACIDOPHILUS ME 50 MDS;Lactobacillus acidophilus ME 50 Mds;1
KI;KI;1
MULTIVITAMINES ET MINERAUX;MULTIVITAMINES ET MINERAUX;1
N BUTYLHYOSCINE;N-BUTYLHYOSCINE;1
KETOANALOGUE;KETOANALOGUE;1
NAPHAZOLINE;NAPHAZOLINE;1
NATEGLINIDE;NATEGLINIDE;1
NATRUM PHOSPHORICUM;NATRUM PHOSPHORICUM;1
NATRUM SALICYLIUM;NATRUM SALICYLIUM;1
NATRUM SULFURICUM;NATRUM SULFURICUM;1
NEDOCROMIL SODIQUE;NEDOCROMIL SODIQUE;1
MG;mg;1
MEXAXOLAM;MEXAXOLAM;1
METOCLOPRAMIDE MONOCHLORHYDRATE;METOCLOPRAMIDE MONOCHLORHYDRATE;1
METHYLSULFONYLMETHANE;METHYLSULFONYLMETHANE;1
MENTHA PIPERITA TM CARAMEL;MENTHA PIPÉRITA TM CARAMEL;1
PETROLUM;PETROLUM;1
LACTOBACILLUS ACIDOPHILUS;LACTOBACILLUS ACIDOPHILUS;1
MENTHE POIVREE;MENTHE POIVREE;1
MENTHE POIVREE;Menthe Poivrée;1
LACTATE;LACTATE;1
L.LYSINE HCL;L.LYSINE HCL;1
MENTHOL BP;MENTHOL BP;1
L DE SELS).;l de sels).;1
MENTHOL RACEMIQUE;MENTHOL RACEMIQUE;1
MENTOL;MENTOL;1
MERBROMENE;MERBROMENE;1
MERCURIUS CORROSIVUS;MERCURIUS CORROSIVUS;1
MERCURIUS CYANATUS;MERCURIUS CYANATUS;1
MERCURIUS SOLUBILIS;MERCURIUS SOLUBILIS;1
METHOTREXATE ANHYDRE;METHOTREXATE ANHYDRE;1
L ASPARTATE HYDROCHLORURE DE MAGNESIUM TRIHYDRATE;L-ASPARTATE-HYDROCHLORURE DE MAGNESIUM TRIHYDRATE;1
METHYLBROMHYDRATE D’HEMATROPINE;METHYLBROMHYDRATE D’HEMATROPINE;1
METHYLCELLULOSE 4000 CPS;METHYLCELLULOSE 4000 CPS;1
L ADRENALINE BITARTRATE;L-ADRENALINE BITARTRATE;1
METHYLSULFATE D N METHYL 8 HYDROXYQUINOLEINIUM;METHYLSULFATE D N-METHYL-8-HYDROXYQUINOLEINIUM;1
MENTHA SYLVASTRIS;MENTHA SYLVASTRIS;1
PREDNICARBATE;Prednicarbate;1
PHENIRAME MALEATE;PHENIRAME MALEATE;1
TRISILICATE D’ALUMINIUM;TRISILICATE D’ALUMINIUM;1
TOLNAFTATE;tolnaftate;1
TORASEMIDE;TORASEMIDE;1
TRAMADOL HYDROCHLORIDE;TRAMADOL HYDROCHLORIDE;1
TRIBULUS TERRESTRIS;TRIBULUS TERRESTRIS;1
TRICLOCARBEN;Triclocarben;1
TRIGONELLA FOENUM GRAECUM;TRIGONELLA FOENUM-GRAECUM;1
TRIHYDROXYETHYLRUTOSIDE;TRIHYDROXYETHYLRUTOSIDE;1
TRIPROLIDINE;TRIPROLIDINE;1
TRIPROLIDINE CHLORHYDRATE;triprolidine chlorhydrate;1
TRIPROLIDINE HYDROCLORIDE MONOHYDRATE;TRIPROLIDINE HYDROCLORIDE MONOHYDRATE;1
TRIPTOLIDINE CHLORHYDRATE;TRIPTOLIDINE CHLORHYDRATE;1
TRISILI;TRISILI;1
TROMETAMOL DE FOSFOMYCINE;TROMETAMOL DE FOSFOMYCINE;1
TISSU DE VISCOSE, IMPREGNE DE VASELINE;Tissu de viscose, impregne de vaseline;1
TURPENTINE OIL;TURPENTINE OIL;1
TYROTHRICINE;TYROTHRICINE;1
ULIPRISTAL;ULIPRISTAL;1
V. CHOLERAE O1 SOUCHE INABA E1 TOR PHIL 6973 INACTIVE AU FORMALDEHYDE;V. CHOLERAE O1 SOUCHE INABA E1 TOR PHIL 6973 INACTIVE AU FORMALDEHYDE;1
VACCIN COMBINE OBTENU PAR MELANGE D’UNE PART DU VACCIN DE L’HEPATITE A PURIFIE ET INACTIVE ET D’ANTIGENE PROTEIQUE RECOMBINANT (AG HBS);Vaccin combine obtenu par melanGe d’une part du vaccin de l’hépatite A purifié et inactivé et d’antiGéne protéique recombinant (AG HBs);1
VACCIN LYOPHILISE BASE DE POLYCCHARIDE CAPSULAIRE POLYRIBOSYL RIBITOL PHOSPHATE PURIFIE;vaccin lyophilisé base de polyccharide capsulaire polyribosyl-ribitol-phosphate purifié;1
VACCIN PAPILLOMAVIRUS HUMAIN [TYPES 6, 11, 16, 18] (RECOMBIN);VACCIN PAPILLOMAVIRUS HUMAIN [types 6, 11, 16, 18] (RECOMBIN);1
VACCIN POLYSACCHARIDE DES SEROGROUPES (A, C, Y ET W 135) CONTRE LES MENINGOCOQUES CONJUGUE L’ANATOXINE DIPHTERIQUE;Vaccin polysaccharide des sérogroupes (A, C, Y et W-135) contre les méningocoques conjuguE l’anatoxine diphtérique;1
VACCIN POLYSACCHARIDE MENINGOCIQUE, GROUPE A,C,Y ET W 135 CO;Vaccin polysaccharide meningocique, groupe A,C,Y et W-135 co;1
VACCINS BACTERIENS ET VIRAUX COMBINES;VACCINS BACTERIENS ET VIRAUX COMBINES;1
VALOVIR;VALOVIR;1
VALSARTAN, HYDROCHLOTHIAZIDE;VALSARTAN, HYDROCHLOTHIAZIDE;1
TOCOPHEROL;TOCOPHÉROL;1
TIANEPTINE;Tianeptine;1
VASAKA;VASAKA;1
TEINTURE DE GRINDELIA;TEINTURE DE GRINDELIA;1
SULFATE SESQUIHYDRATE DE FER;SULFATE SESQUIHYDRATE DE FER;1
SULFUR;SULFUR;1
SURFATE DE GLYCINE FERREUX;SURFATE DE GLYCINE FERREUX;1
SUSPENSION INACTIVEE D’ANTIGENE HBS PRODUIT SUR UNE LIGNEE CELLULAIRE;SUSPENSION INACTIVEE D’ANTIGENE HBS PRODUIT SUR UNE LIGNEE CELLULAIRE;1
SUSPENSION LYOPHILISEE EN MILIEU STABILISANT DE VIRUS AMARIL VIVANT, SOUCHE 17 CULTIVE SUR EMBRYONS DE POULET;SUSPENSION LYOPHILISEE EN MILIEU STABILISANT DE VIRUS AMARIL VIVANT, SOUCHE 17 CULTIVE SUR EMBRYONS DE POULET;1
SUSPENSION STERILE RENFERMANT LE VIRUS DE L’HEPATITE A INACTIVE PAR LE FORMALDEHYDE ( SOUCHE HM 175 DU VIRUS DE L’HEPATITE A) HAVRIX720 STANDARDISE POUR GARANTIR UN TAUX D’ANTIGENES;suspension stérile renfermant le virus de l’hépatite A inactivé par le formaldehyde ( souche HM 175 du virus de l’hépatite A) Havrix720 standardisé pour Garantir un taux d’antiGènes;1
SYNEPHRINE TARTRATE;SYNEPHRINE TARTRATE;1
TABACUM;TABACUM;1
TALADAFIL;TALADAFIL;1
TANATE DE GELATINE;TANATE DE GELATINE;1
TARTRATE D’ERGOMETRINE;TARTRATE D’ERGOMETRINE;1
TEINTURE DE CATECHU;TEINTURE DE CATECHU;1
TEINTURE DE JUISQUIAME;TEINTURE DE JUISQUIAME;1
THYM ROUGE (THYMUS VULGARIS);THYM ROUGE (THYMUS VULGARIS);1
TEINTURE D’EUCALYPTUS;TEINTURE D’EUCALYPTUS;1
TELBIVUDINE;TELBIVUDINE;1
TENELIGLITINE;TENELIGLITINE;1
TENONITROZOLE;TENONITROZOLE;1
TERBINAFINE HYDROCHLORIDE;TERBINAFINE HYDROCHLORIDE;1
TERFENADINE;Terfenadine;1
TERMINALIA BELERICA;TERMINALIA BELERICA;1
TEROZOSINE;TEROZOSINE;1
TETRACHLORODECAOXIDE;TETRACHLORODECAOXIDE;1
TETYZOLINE;TETYZOLINE;1
TEXAS 50;TEXAS 50;1
THERAMEX;THERAMEX;1
VAMINE B2;VAMINE B2;1
VECURONIUM;VECURONIUM;1
SULFATE D’ORTHOXYQUINOLEINE;SULFATE D’ORTHOXYQUINOLEINE;1
VITAMINES + MINERAUX + OLIGO ELEMENTS;VITAMINES + MINERAUX + OLIGO-ELEMENTS;1
VIT.B2;VIT.B2;1
VIT.B6;VIT.B6;1
VIT.C;VIT.C;1
VIT.D3;VIT.D3;1
VITAMINE A CHOLACALCIFEROL;VITAMINE A CHOLACALCIFEROL;1
VITAMINE A, B1, B2, B6, B12, C, D;Vitamine A, B1, B2, B6, B12, C, D;1
VITAMINE A, B1, B2, B6, C, D2, E, PP;Vitamine A, B1, B2, B6, C, D2, E, PP;1
VITAMINE A, B1, B2,B3, B5, B8, B6, B9, B12,C, D3,E;Vitamine A, B1, B2,B3, B5, B8, B6, B9, B12,C, D3,E;1
VITAMINE A, C,E, PP, B1,B2,B5,B6 B9, B12, D;VITAMINE A, C,E, PP, B1,B2,B5,B6 B9, B12, D;1
VITAMINE A, C,E, PP, B1,B2,B5,B6 B9, B12, D;Vitamine A, C,E, PP, B1,B2,B5,B6 B9, B12, D;1
VITAMINE A,B,C,D,E;VITAMINE A,B,C,D,E;1
VITAMINE B1, B2, B6;Vitamine B1, B2, B6;1
VITAMINES( A,D,E,K,C B1, B6,B12, NIACINE, ACIDE FOLIQUE, BIOTINE, INOSITOL, CHOLINE, TAURINE, CARNITINE);Vitamines( A,D,E,K,C B1, B6,B12, Niacine, acide folique, biotine, inositol, choline, taurine, carnitine);1
VIT.B1;VIT.B1;1
VITIS VINIFERA;VITIS VINIFERA;1
WILD YAM;Wild Yam;1
XANNTHOCARPUM;XANNTHOCARPUM;1
YASTIMADHU;YASTIMADHU;1
ZINC ELEMENTAIRE;ZINC ÉLÉMENTAIRE;1
ZINC ELEMENTAIRE (SOUS FORME DE SULFATE DE ZINC) 22,5MG;ZINC ÉLÉMENTAIRE (SOUS FORME DE SULFATE DE ZINC) 22,5MG;1
ZINC(SOUS FORME DE LACTATE DE ZINC);ZINC(SOUS FORME DE LACTATE DE ZINC);1
ZINGIBER OFFICINALE;zingiber officinale;1
ZINGIBER OFFINALE;ZINGIBER OFFINALE;1
ZIZPLUS XYLOPYRUS;ZIZPLUS XYLOPYRUS;1
ZN;Zn;1
ZNSO4;ZnSO4;1
VIT.B12;VIT.B12;1
VIT.A;VIT.A;1
VECURONIUM BROMIDE;VECURONIUM BROMIDE;1
VISCUM ALBUM;VISCUM ALBUM;1
VIBURNUM;VIBURNUM;1
VINORELBINE DITARTRATE;VINORELBINE DITARTRATE;1
VIOLA ARVENSIS;VIOLA ARVENSIS;1
VIOLA TRICOLOR;VIOLA TRICOLOR;1
VIRGINIAMYCINE;VIRGINIAMYCINE;1
VIRUS DE GRIPPE INACTIVE, FRAGMENTE DES SOUCHES: CALIFORNIA 7;VIRUS DE GRIPPE INACTIVE, FRAGMENTÉ DES SOUCHES: CALIFORNIA 7;1
VIRUS DE LA ROUGEOLE VIVANT ATTENUE;VIRUS DE LA ROUGEOLE VIVANT ATTENUE;1
VIRUS DE LA RUBEOLE VIVANT ATTENUE;VIRUS DE LA RUBEOLE VIVANT ATTENUE;1
VIRUS DES OREILLONS VIVANT ATTENUE;VIRUS DES OREILLONS VIVANT ATTENUE;1
VIRUS POLIOMYELITIQUE INACTIVE TYPE 1;VIRUS POLIOMYÉLITIQUE INACTIVÉ TYPE 1;1
VIRUS POLIOMYELITIQUE INACTIVE TYPE 2;VIRUS POLIOMYÉLITIQUE INACTIVÉ TYPE 2;1
VIRUS POLIOMYELITIQUE INACTIVE TYPE 3;VIRUS POLIOMYÉLITIQUE INACTIVÉ TYPE 3;1
VIT A;VIT A;1
VIT E;VIT E;1
VIT A;Vit A;1
VIT B1;VIT B1;1
VIT B1;Vit B1;1
VIT B12;Vit B12;1
VIT B2;VIT B2;1
VIT B2;Vit B2;1
VIT B5;VIT B5;1
VIT B6;VIT B6;1
VIT B6;Vit B6;1
VIT C;Vit C;1
VIT D2;VIT D2;1
VIT D3;Vit D3;1
SULFATE FERREUR 100MG;SULFATE FERREUR 100MG;1
SULFATE DE ZINC MONOHYDRATE 61,8MG (EQUIVALENT A 22,5MG DE ZINC);SULFATE DE ZINC MONOHYDRATÉ 61,8MG (ÉQUIVALENT À 22,5MG DE ZINC);1
PHENYLEPHRINE HYDROCLORIDE;PHENYLEPHRINE HYDROCLORIDE;1
PROPULSIF D’HYDROCARBONE;PROPULSIF D’HYDROCARBONE;1
POTASSIUM CLAVUNIQUE;POTASSIUM CLAVUNIQUE;1
POTENTILLA ERECTA;POTENTILLA ERECTA;1
POUDRE DE FEUILLE DE BOLDO;POUDRE DE FEUILLE DE BOLDO;1
POUDRE DE FRUIT D’ANIS VERT;POUDRE DE FRUIT D’ANIS VERT;1
POVIDONE IODEE, ETHANOL;POVIDONE-IODÉE, ETHANOL;1
ISODODECANE;ISODODECANE;1
PREDNISOLONE ACETATE MICRONISE;PREDNISOLONE ACETATE MICRONISE;1
PRELE;PRELE;1
PRIFINIUM BROMURE;Prifinium bromure;1
PROGESTERONE NATURELLE MICRONISEE;PROGESTERONE NATURELLE MICRONISEE;1
PROPOLIS;PROPOLIS;1
PROPOLIS D’ABEILLE;PROPOLIS D’ABEILLE;1
PROPYLENE GLYCOL;PROPYLENE GLYCOL;1
POLYSACCHARIDE PNEUMOCOCCIQUE SEROTYPE 1 7,9, 14,18,19;Polysaccharide pneumococcique serotype 1-7,9, 14,18,19;1
PROTE;prote;1
PROTEINE L DU PAPILLOMAVIRUS HUMAIN TYPE 16;Proteine L du Papillomavirus Humain Type 16;1
PROTEINE LACTOSERUM HYDROLYSEE;protéine lactosèrum hydrolysée;1
PROVIDONE IODEE, ETHANOL;PROVIDONE IODEE, ETHANOL;1
PSEUDOEPHEDRINE SULFATE;PSEUDOEPHEDRINE SULFATE;1
PUDINA TEL BASE AQUEUSE DE SUCRE;PUDINA TEL BASE AQUEUSE DE SUCRE;1
PUERARIA TUBEROSA;PUERARIA TUBEROSA;1
PULSATILLA;PULSATILLA;1
PYGEUM AFRICANUM;PYGEUM AFRICANUM;1
PYRIDOXINE CHLORYDRATE OU VITAMINE B6 3MG;PYRIDOXINE CHLORYDRATE OU VITAMINE B6 3MG;1
PYRIDOXINE HYROCHLORIDE;Pyridoxine hyrochloride;1
PYRROLIDONE CARBOXYLATE DE MAGNESIUM;PYRROLIDONE CARBOXYLATE DE MAGNESIUM;1
POTASSIUM AZELAOL DIGLYCINATE;POTASSIUM AZELAOL DIGLYCINATE;1
POLYSACCHARIDE CAPSULAIRE PURIFIE HAEMOPHILUS INFLUENZAE DE TYPE;POLYSACCHARIDE CAPSULAIRE PURIFIE HAEMOPHILUS INFLUENZAE DE TYPE;1
QUINIDINE BICHLORHYDRATE;QUINIDINE BICHLORHYDRATE;1
PISSENLIT;PISSENLIT;1
PHENYLEPHRINE,CHLORPHENIRAMINE,PARACETAMOL;PHENYLEPHRINE,CHLORPHENIRAMINE,PARACETAMOL;1
PHENYLTOLOXAMINE;PHENYLTOLOXAMINE;1
PHLOROGLUCINOL, TRIMETHYLPHLOROGLUCINOL;PHLOROGLUCINOL, TRIMETHYLPHLOROGLUCINOL;1
PHOSPHATE D’ALUMINIUM COLLOIDAL;PHOSPHATE D’ALUMINIUM COLLOIDAL;1
PHYTO GINSENG;PHYTO GINSENG;1
PHYTOLACCA DECANDRA;PHYTOLACCA DECANDRA;1
PINUS ROXBURGUII;PINUS ROXBURGUII;1
PIOGLITAZONE;PIOGLITAZONE;1
PIPER LOGUM;PIPER LOGUM;1
PIPER NIGRUM;PIPER NIGRUM;1
PIPERANIQUE;PIPERANIQUE;1
PIPPALI;PIPPALI;1
PISTACIA INTEGERRIMA;PISTACIA INTEGERRIMA;1
POLYQUATERNIUM;POLYQUATERNIUM;1
PLANTAGO MAJOR;PLANTAGO MAJOR;1
PLUMBUM METALLICUM;PLUMBUM METALLICUM;1
POLIO SABIN EST UN VACCIN ANTIPOLYOMYELITE ORAL BIVALENT CONTENANT LES SOUCHES VIRALES ATTENUEES DE TYPE 1 (LSC, 2AB) ET DE TYPE 3 5LEON 12 A, 1B), MULTIPLIEES SUR CELLULES DIPLOIDES HUMAINE;POLIO SABIN EST UN VACCIN ANTIPOLYOMYELITE ORAL BIVALENT CONTENANT LES SOUCHES VIRALES ATTENUEES DE TYPE 1 (LSC, 2AB) ET DE TYPE 3 5LEON 12 A, 1B), MULTIPLIEES SUR CELLULES DIPLOIDES HUMAINE;1
POLY ETHYLENE GLYCOL 400;POLY ETHYLENE GLYCOL 400;1
POLYDIMETHYLSILOXANE;POLYDIMETHYLSILOXANE;1
POLYETHYLENE GLYCOL;POLYETHYLENE GLYCOL;1
POLYETHYLENE GLYCOLE;POLYETHYLENE GLYCOLE;1
POLYGALA D4 PEP;POLYGALA D4 PEP;1
POLYMETHYLSILOXANE;POLYMETHYLSILOXANE;1
POLYMIXINE B;POLYMIXINE B;1
POLYOSIDE HAEMOPHILUS INFLUENSAE;POLYOSIDE HAEMOPHILUS INFLUENSAE;1
POLYOSIDES PNEUMOCOCCIQUES;POLYOSIDES PNEUMOCOCCIQUES;1
QUINAPRIL;QUINAPRIL;1
QUININE BICHLORHYDRATE;QUININE BICHLORHYDRATE;1
SULFATE DE ZINC MONOHYDRATE 54,93MG;SULFATE DE ZINC MONOHYDRATÉ 54,93MG;1
SOLUTION ALCOOLIQUE DE TARTRAZINE;SOLUTION ALCOOLIQUE DE TARTRAZINE;1
SHATPUSFHATEL;SHATPUSFHATEL;1
SILICE COLLOIDE ANHYDRE;SILICE COLLOIDE ANHYDRE;1
SIROP D IPECUANHA COMPOSA;Sirop d Ipecuanha composa;1
SIROP SIMPLE;Sirop simple;1
SITAGLIPTINE MONOHYDRATE;SITAGLIPTINE MONOHYDRATE;1
SITAGLIPTINE, METFORMINE;SITAGLIPTINE, METFORMINE;1
SODIUM ACYLSARCOSINATE;SODIUM ACYLSARCOSINATE;1
SODIUM P DIMETHYLAMINOPHENYL PHOSPHINATE;SODIUM-P-DIMETHYLAMINOPHENYL PHOSPHINATE;1
SODIUM SULFATE;SODIUM SULFATE;1
SOLANUM;SOLANUM;1
SOLANUM DULCAMARA;SOLANUM DULCAMARA;1
SOLIDAGO VIRGA AUREA;SOLIDAGO VIRGA AUREA;1
SOLUTION DE LORATE DE SACAROSE;SOLUTION DE LORATE DE SACAROSE;1
SERUM ANTITETANINE;SERUM ANTITETANINE;1
SOLUTION DE PEROXYDE D’HYDROGENE;SOLUTION DE PEROXYDE D’HYDROGENE;1
SOLUTION D’ACYL SACORZINAT DE SODIUM;SOLUTION D’ACYL SACORZINAT DE SODIUM;1
SOLUTION EAU DE MER HYPERTONIQUE;SOLUTION EAU DE MER HYPERTONIQUE;1
SOUCHE RIX4414 DE ROTAVIRUS HUMAIN VIVANT ATTENUE;SOUCHE RIX4414 DE ROTAVIRUS HUMAIN VIVANT ATTENUE;1
SOUFRE PURIFIE;SOUFRE PURIFIE;1
SOWATEL;SOWATEL;1
STREPTOKINASE;STREPTOKINASE;1
SUCCINATE SODIQUE D’HYDROCORTISONE;SUCCINATE SODIQUE D’HYDROCORTISONE;1
SUCRE;SUCRE;1
SULBUTAMOL (ALBUTEROL);SULBUTAMOL (ALBUTEROL);1
SULFAGUANIDINE;SULFAGUANIDINE;1
SULFATE DE TUAMINOHEPTANE;SULFATE DE TUAMINOHEPTANE;1
SHAIGAN PHARMACEUTICALS;SHAIGAN PHARMACEUTICALS;1
SELENIUM OLIGOSOL;SELENIUM OLIGOSOL;1
RACINE DE CHICOREE;RACINE DE CHICOREE;1
RUBIA TINCTORIA;RUBIA TINCTORIA;1
RACINE DE REGLISSE;RACINE DE REGLISSE;1
RHENIUM SULFURE;RHENIUM SULFURE;1
RHEUM RHAP;RHEUM RHAP;1
RHIZ CALAMI;RHIZ CALAMI;1
RHODODENDRON FERRUGINEUM 2 CH;RHODODENDRON FERRUGINEUM 2 CH;1
RHUS TOXICODENDRON 2 CH;RHUS TOXICODENDRON 2 CH;1
RHYPONTICA D1;RHYPONTICA D1;1
RIBOFLAVINE OU VITAMINE B2 10MG;RIBOFLAVINE OU VITAMINE B2 10MG;1
RIBOSE;Ribose;1
ROMARIN;ROMARIN;1
ROSIGLITAZONE;ROSIGLITAZONE;1
ROSMRINUS OFFICIALIS;ROSMRINUS OFFICIALIS;1
RUTA GRAV D8;RUTA GRAV D8;1
SELENATE DE SODIUM EQUIVALENT A SELENIUM 65MG;SÉLÉNATE DE SODIUM ÉQUIVALENT À SÉLÉNIUM 65MG;1
RUTA GRAVEOLENS 2 CH;RUTA GRAVEOLENS 2 CH;1
SACCHAROSE;SACCHAROSE;1
SACCHAROSE DE FER;SACCHAROSE DE FER;1
SALBUTAMOL (ALBUTEROL), BROMHEXINE, GUAIFENESIN;SALBUTAMOL (ALBUTEROL), BROMHEXINE, GUAIFENESIN;1
SALBUTAMOL (ALBUTEROL), BROMXHEXINE, GUAIFENESIN;SALBUTAMOL (ALBUTEROL), BROMXHEXINE, GUAIFENESIN;1
SALICYLATE D’HYDROXYETHYLE;SALICYLATE D’HYDROXYETHYLE;1
SALMONELLA TYPHI POLYOSIDE VI SOUCHE TY2;Salmonella typhi polyoside vi souche ty2;1
SAMJANGCHONCHO SAESAM;SAMJANGCHONCHO SAESAM;1
SANGUIRIA D4;SANGUIRIA D4;1
SARJIKAKSHHARA PURIFIE;SARJIKAKSHHARA PURIFIE;1
SAUGE (SALVIA OFFICINALIS;SAUGE (SALVIA OFFICINALIS;1
SE;Se;1
ISOSORBID;ISOSORBID;1
12) 15MCG;12) 15MCG;1
IRISVER D3;IRISVER D3;1
CEFOTETAM;CEFOTETAM;1
CALCIUM PANTOTHENATE 12,50MG;CALCIUM PANTOTHÉNATE 12,50MG;1
CALENDULA OFFICINALIS;CALENDULA OFFICINALIS;1
CAMELLI SINENSIS;CAMELLI SINENSIS;1
CANNEBERGE;CANNEBERGE;1
CARBONAT;CARBONAT;1
CARBOPROST TROMETHAMINE;CARBOPROST TROMETHAMINE;1
CARBOXYMETHYLE CELLULOSE SODIQUE;CARBOXYMETHYLE CELLULOSE SODIQUE;1
CARDUUS MARIANUS;CARDUUS MARIANUS;1
CASCARA PULV;CASCARA PULV;1
CASSIA ANGUSTIFOLIA;CASSIA ANGUSTIFOLIA;1
CEFATRIZINE;CEFATRIZINE;1
CEFIXINE;CEFIXINE;1
CEFPERAZONE;CEFPERAZONE;1
CALCIUM PANTHATENATE;Calcium panthatenate;1
CEFRADINE;CEFRADINE;1
CELIPROLOL;CELIPROLOL;1
CELLULOSE MICROCRISTALLINE;CELLULOSE MICROCRISTALLINE;1
CENTELLA ASIATICA;CENTELLA ASIATICA;1
CETYLPYRIDINIUM;CETYLPYRIDINIUM;1
CHAQUE DOSE DE 0,5ML DE VACCIN RECONSTITUE CONTIENT DE LA SOUCHE SCHWARZ CONTRE LA ROUGEOLE, SOUCHE RIT 4385 CONTRE LES OREILLONS ET DE LA SOUCHE WISTAR RA 27;CHAQUE DOSE DE 0,5ML DE VACCIN RECONSTITUÉ CONTIENT DE LA SOUCHE SCHWARZ CONTRE LA ROUGEOLE, SOUCHE RIT 4385 CONTRE LES OREILLONS ET DE LA SOUCHE WISTAR RA 27;1
CHARBON VEGETAL;CHARBON VEGETAL;1
CHARBON VEGETAL PULVERISE;CHARBON VEGETAL PULVERISE;1
CHIENDENT;CHIENDENT;1
CHLOPHENIRAMINE;CHLOPHENIRAMINE;1
CHLORAL;CHLORAL;1
CHLORAL HYDRATE;CHLORAL HYDRATE;1
CALCIUM PANTOTHENATE;CALCIUM PANTOTHENATE;1
CALCIUM L METHYLFOLATE;CALCIUM-L-MÉTHYLFOLATE;1
CHLORBUTANOL;CHLORBUTANOL;1
BRYONIA;BRYONIA;1
BIOXYDE DE SILICUM COLLA;BIOXYDE DE SILICUM COLLA;1
BIPODMINOSCIDES D’ORIGINE VEGETALE;BIPODMINOSCIDES D’ORIGINE VEGETALE;1
BISABOLOL;BISABOLOL;1
BLUE DE METHYLENE;BLUE DE METHYLENE;1
BLUSH;BLUSH;1
BOLDO;BOLDO;1
BORAGO OFFICINALIS;BORAGO OFFICINALIS;1
BORATE DE PHENYLMERCURE;BORATE DE PHENYLMERCURE;1
BOSWELIA SERAATA;BOSWELIA SERAATA;1
BROMHYDRATE DU GLUTAMATE DE MAGNESIUM;BROMHYDRATE DU GLUTAMATE DE MAGNESIUM;1
BROMOFORME;BROMOFORME;1
BRUXUS;BRUXUS;1
BRYONIA D3;BRYONIA D3;1
CALCIUM GLYCEROPHOSPHATE;CALCIUM GLYCEROPHOSPHATE;1
BRYONIA DIOICA;BRYONIA DIOICA;1
BUCLIZINE DICHLORHYDRATE;BUCLIZINE DICHLORHYDRATE;1
BUTAMIRAT CITRIC;BUTAMIRAT CITRIC;1
BUTYLSCOPOLAMINE BROMHYDRATE;BUTYLSCOPOLAMINE BROMHYDRATE;1
CA LACTATE;Ca-LACTATE;1
CA PANTOTHENATE;Ca-PANTOTHENATE;1
CA2PO4 150;Ca2PO4 150;1
CALCAREA CARBONICA;CALCAREA CARBONICA;1
CALCAREA FLUORICA;CALCAREA FLUORICA;1
CALCAREA IODATA;CALCAREA IODATA;1
CALCAREA PHOSPHORICA;CALCAREA PHOSPHORICA;1
CALCII CARBONAS D3;CALCII CARBONAS D3;1
CHLORAMPHENICOL MICRONISE;CHLORAMPHENICOL MICRONISE;1
CHLORHYDRATE DE DEXTROPROPOXYPHENE;CHLORHYDRATE DE DEXTROPROPOXYPHENE;1
BIFIDOBACTERIUM INFANTIS;BIFIDOBACTERIUM INFANTIS;1
COMPRIME JOUR(PARACETAMOL;COMPRIME JOUR(PARACETAMOL;1
CLOSTRIDIUM BUTYRICUM;CLOSTRIDIUM BUTYRICUM;1
COCAMIDOPROPYL BETAINE;COCAMIDOPROPYL BETAINE;1
COCCULUS;COCCULUS;1
COCCUSCACTI;COCCUSCACTI;1
CODEINE BASE;CODEINE BASE;1
COLA D1;COLA D1;1
COLCHICINE CRISTALLISE;COLCHICINE CRISTALLISE;1
COLCHICUM AUTUMMNALE;COLCHICUM AUTUMMNALE;1
COLLISONIA D 3;COLLISONIA D 3;1
COLONIES DE BACTERIES LACTIQUES VIVANTES LYOPHILISEES DES ESPECES LACTOBACILLUS ET BIFIDOBACTERIUM;COLONIES DE BACTÉRIES LACTIQUES VIVANTES LYOPHILISÉES DES ESPÈCES LACTOBACILLUS ET BIFIDOBACTERIUM;1
COMOMILLE (MATRICARIA);COMOMILLE (MATRICARIA);1
COMPLEXE FER SUCROSE;COMPLEXE FER SUCROSE;1
CORALLIUM RUBRUM;CORALLIUM RUBRUM;1
CLEBOPRIDE;CLEBOPRIDE;1
CORDIA LATIFOLIA;CORDIA LATIFOLIA;1
CORIANDRUM SATIVUM;CORIANDRUM SATIVUM;1
CU;Cu;1
CUIVRE(SOUS FORME DE SULFATE DE CUIVRE PENTAHYDRATE);CUIVRE(SOUS FORME DE SULFATE DE CUIVRE PENTAHYDRATE);1
CUMINUM CYMINUM;CUMINUM CYMINUM;1
CUPRUM MELLIUM;CUPRUM MELLIUM;1
CURCUMA LONGA;CURCUMA LONGA;1
CURCUMINE;CURCUMINE;1
CURCURA LONGA;curcura longa;1
CUSO4;CUSO4;1
CYANOCOBALAMINE (VITAMINE B;CYANOCOBALAMINE (VITAMINE B;1
CYANOCOBALAMINE (VITAMINE B12);CYANOCOBALAMINE (VITAMINE B12);1
CLEBOPRIDE, SIMETICONE;CLEBOPRIDE, SIMETICONE;1
CLAVULANATE;CLAVULANATE;1
CHLORHYDRATE MONOHYDRATE DE NILOTINIB;CHLORHYDRATE MONOHYDRATE DE NILOTINIB;1
CINA;CINA;1
CHLOROFORME;CHLOROFORME;1
CHLOROPHYLLE;CHLOROPHYLLE;1
CHLORPHENAMINE;CHLORPHENAMINE;1
CHLORPHENIRAMINE, PHENYLEPHRINE, PARACETAMOL (ACETAMINOPHENE), CAFEINE;CHLORPHENIRAMINE, PHENYLEPHRINE, PARACETAMOL (ACETAMINOPHENE), CAFEINE;1
CHLORURE DE CARNITINE;CHLORURE DE CARNITINE;1
CHLORURE DE SODIUM CHLORURE DE POTASSIUM LACTATE DIHYDRATE ET LACTATE DE SODIUM;CHLORURE DE SODIUM CHLORURE DE POTASSIUM-LACTATE DIHYDRATE ET LACTATE DE SODIUM;1
CHLORZOXAZONE;CHLORZOXAZONE;1
CHOLINE;CHOLINE;1
CHOLINE BITRATADE;CHOLINE BITRATADE;1
CHONDROITIN;CHONDROITIN;1
CHROME;Chrome;1
CICUTA VITROSA D4;CICUTA VITROSA D4;1
CINCHONIDINE BICHLORHYDRATE;CINCHONIDINE BICHLORHYDRATE;1
CITRULLINE;CITRULLINE;1
CINITAPRIDE;CINITAPRIDE;1
CIPROFLOXACINE LACTATE;CIPROFLOXACINE LACTATE;1
CIPROFLOXACINE MONOHYDRATE;CIPROFLOXACINE MONOHYDRATE;1
CITRATE DE DIPROPYLLINE;CITRATE DE DIPROPYLLINE;1
CITRATE DE FER AMMONIACAL;CITRATE DE FER AMMONIACAL;1
CITRATE DE FER MONOHYDRATE;CITRATE DE FER MONOHYDRATE;1
CITRATE DE SODIUM TRIBASIQUE;CITRATE DE SODIUM TRIBASIQUE;1
CITRATE DE TRICHOLINE;CITRATE DE TRICHOLINE;1
CITRATE DE ZINC;CITRATE DE ZINC;1
CITRATE D’AMMONIUM FERRIQUE(VERT);CITRATE D’AMMONIUM FERRIQUE(VERT);1
CITRATE D’AMMONIUM FERRIQUE, ACIDE FOLIQUE, VITAMINE B12;CITRATE D’AMMONIUM FERRIQUE, ACIDE FOLIQUE, VITAMINE B12;1
CITRATE D’ORPHANADRINE;CITRATE D’ORPHANADRINE;1
BIFOBACTERIUM LONG ME 25MDS;Bifobacterium long ME 25Mds;1
BETULA ALBA;BETULA ALBA;1
CYANOCOBALAMINE OU VITAMINE B12 PELLICULE 15MG;CYANOCOBALAMINE OU VITAMINE B12 PELLICULÉ 15MG;1
ALCOOLIQUE;ALCOOLIQUE;1
ACIDES GRAS OMEGA 3 (EPA ET DHA), VITAMINE B1, VITAMINE B2, VITAMINE B6, VITAMINE B12, VITAMINE C, VITAMINE D, VITAMINE E, ACIDE FOLIQUE, SULFATE DE FER, OXYDE DE ZINC, SULFATE DE CUIVRE, SELENITE DE SODIUM.;ACIDES GRAS OMÉGA-3 (EPA ET DHA), VITAMINE B1, VITAMINE B2, VITAMINE B6, VITAMINE B12, VITAMINE C, VITAMINE D, VITAMINE E, ACIDE FOLIQUE, SULFATE DE FER, OXYDE DE ZINC, SULFATE DE CUIVRE, SÉLÉNITE DE SODIUM.;1
ACONIT D4;ACONIT D4;1
ACONITINUM;ACONITINUM;1
ACONITUM;ACONITUM;1
ACRYLATE C10 30;ACRYLATE C10-30;1
ADHORATE VASICA;ADHORATE VASICA;1
ADNR ANTIGENE SPECIFIQUE DE SURFACE D’HEPATITES B;ADNR ANTIGENE SPECIFIQUE DE SURFACE D’HEPATITES B;1
ADNR*;ADNR*;1
AESCULUS HIPPOCASTANUM;AESCULUS HIPPOCASTANUM;1
AGRIPAUME;AGRIPAUME;1
ALCALOIDE DE LA BELLADONE;ALCALOIDE DE LA BELLADONE;1
ALCOOL SDA 38B;ALCOOL SDA 38B;1
ALFUZOSINE HYDROCHLORIDE MODIFIE;ALFUZOSINE HYDROCHLORIDE MODIFIE;1
ACIDE URIDINE 5’TRIPHOSPHORIQUE SEL TRISODIQUE;ACIDE-URIDINE-5’TRIPHOSPHORIQUE SEL TRISODIQUE;1
ALMAGATE;ALMAGATE;1
ALOG;Alog;1
ALPHA BIBOLOL;ALPHA-BIBOLOL;1
ALPHA FOLLITROPINE;ALPHA-FOLLITROPINE;1
ALPHA HYDROXY ACIDES (AHA);ALPHA-HYDROXY ACIDES (AHA);1
ALPHA HYDROXY ACIDES 6;ALPHA-HYDROXY ACIDES 6;1
ALPHA HYDROXYACIDE;ALPHA HYDROXYACIDE;1
ALPHA INTERFERON HUMAIN STABILISE;ALPHA INTERFERON HUMAIN STABILISE;1
ALPHA METHYLDOPA;ALPHA METHYLDOPA;1
ALPINIA GALANGA;ALPINIA GALANGA;1
ALTHEA OFFICINALIS;ALTHEA OFFICINALIS;1
ALUMINIUM;ALUMINIUM;1
ACIDES AMINES;ACIDES AMINES;1
ACIDE FOLIQUE OU VITAMINE B9 1MG;ACIDE FOLIQUE OU VITAMINE B9 1MG;1
AMICA MONTERA;AMICA MONTERA;1
ACEMETACINE;ACEMETACINE;1
2009(H1N1);2009(H1N1);1
2012;2012;1
2012 (H3N2);2012 (H3N2);1
3 CONTRE LA RUBEOLE;3 CONTRE LA RUBÉOLE;1
4 METHYL BENZYLIDENE CAMPHRE BUTYL METHOXY DIBENZOYL METHANE;4 methyl benzylidene camphre butyl methoxy dibenzoyl methane;1
5 MOP;5-MOP;1
A, C, E, THIAMINE (B1), RIBOFLAVINE (B2), NIACINE (B3), ACIDE PANTOTHENIQUE (B5), B6, BIOTINE (B8), ACIDE FOLIQUE (B9), D) CALCIUM, CUIVRE, MANGANESE, MAGNESIUM, ZINC, FER CHROME, MOLYBDENE, IODE, SELENIUM;A, C, E, Thiamine (B1), Riboflavine (B2), Niacine (B3), Acide pantothénique (B5), B6, Biotine (B8), Acide folique (B9), D) Calcium, Cuivre, Manganèse, Magnésium, Zinc, Fer Chrome, Molybdène, Iode, Sélénium;1
ABSINTHIUM D;ABSINTHIUM D;1
ACACIA CATECHU;ACACIA CATECHU;1
ACACIA CATECHU;acacia catechu;1
ACECLOFENAC + PARACETAMOL;ACECLOFENAC + PARACETAMOL;1
ACEFYLLINE PIPERAZINE, DIPHENHYDRAMINE;ACEFYLLINE PIPERAZINE, DIPHENHYDRAMINE;1
ACEPHYLLINE PIPERAZINE;ACEPHYLLINE PIPERAZINE;1
ACIDE FOLIQUE (VITAMINE B9 500MG;ACIDE FOLIQUE (VITAMINE B9 500MG;1
ACETAMINENOPHENE;ACETAMINENOPHENE;1
ACETATE DE 21 FLUPREDNIDENE;ACETATE DE 21-FLUPREDNIDENE;1
ACETATE DE DI ALPHATOCOFEROL 125;ACETATE DE DI-ALPHATOCOFEROL 125;1
ACETATE DE DI ALPHATOCOFEROL 125;Acetate de DI-alphatocoferol 125;1
ACETATE DE TOCOPHERYLE ALPHA TOUT RAC;ACETATE DE TOCOPHERYLE ALPHA TOUT-RAC;1
ACETOGLUTAMATE DE DEANOL;ACETOGLUTAMATE DE DEANOL;1
ACETYL GLUTAMATE DE DIMETHYLAMINOETHANOL;ACETYL-GLUTAMATE DE DIMETHYLAMINOETHANOL;1
ACETYL SALYCILIQUE DE LYSINE;ACETYL SALYCILIQUE DE LYSINE;1
ACIDE AMINO BUTYRIQUE;ACIDE AMINO-BUTYRIQUE;1
ACIDE ASCORBIQUE (VITAMINE C) 75MG;ACIDE ASCORBIQUE (VITAMINE C) 75MG;1
ACIDE ASCORBIQUE OU VITAMINE C 150MG;ACIDE ASCORBIQUE OU VITAMINE C 150MG;1
ACIDE DIOXY DIMETHYL DIPHENYLMETHANE DISULFONIQUE;ACIDE DIOXY-DIMETHYL DIPHENYLMETHANE DISULFONIQUE;1
AMBROXOL HYDROCHLORIDE;AMBROXOL HYDROCHLORIDE;1
AMIDON DE MAIS;AMIDON DE MAIS;1
BETAMETAZONE MALEATE;BETAMETAZONE MALEATE;1
BACITRAZINE ZINC;BACITRAZINE ZINC;1
ASPARTATE;ASPARTATE;1
ASPARTATE DE MAGNESIUM ET DE POTASSIUM;ASPARTATE DE MAGNESIUM ET DE POTASSIUM;1
ASPIRINE USP;ASPIRINE USP;1
ATROPINUM SULFURICUM;ATROPINUM SULFURICUM;1
ATTAPULGITE;ATTAPULGITE;1
AUBEPINE;AUBEPINE;1
AURUM MARIATICUM;AURUM MARIATICUM;1
AVENA SATIVA D;AVENA SATIVA D;1
AVOINE;AVOINE;1
B.COQUELUCHE(GERME ENTIER);B.COQUELUCHE(GERME ENTIER);1
B1, B2, B6, B12;B1, B2, B6, B12;1
BACILLUS CALMETTE GURIN;BACILLUS CALMETTE GURIN;1
BADIANE PULV;Badiane pulv;1
ASCORBIQUE;ASCORBIQUE;1
BASE SIRUPEUSE;BASE SIRUPEUSE;1
BECLOMETASONE, GENTAMICINE, CLOTRIMAZOLE, CLIOQUINOL;béclométasone, gentamicine, clotrimazole, clioquinol;1
BELLADONA;BELLADONA;1
BELLADONNA;BELLADONNA;1
BELLADONNA PULV;BELLADONNA PULV;1
BENZALKONIUM;BENZALKONIUM;1
BENZOC;BENZOC;1
BENZODODECINIUM;BENZODODECINIUM;1
BENZYL BENZOATE;BENZYL BENZOATE;1
BENZYLE BENZOATE;BENZYLE BENZOATE;1
BESIFLOXACINE;BESIFLOXACINE;1
BETA SITOSTEROL;BETA-SITOSTEROL;1
ASPARAGUS RACEMOSUS;ASPARAGUS RACEMOSUS;1
ASCORBATE DE ZING;ASCORBATE DE ZING;1
AMILORIDE HCL;AMILORIDE HCL;1
ANETHUM SOWA;ANETHUM SOWA;1
AMINOACIDE;AMINOACIDE;1
AMIODARONE;AMIODARONE;1
AMLODIPINE, LOSARTAN;AMLODIPINE, LOSARTAN;1
AMMONIUM CHLORIDE;AMMONIUM CHLORIDE;1
AMOXICILLINE ACIDE CLAVULANIQUE;AMOXICILLINE ACIDE CLAVULANIQUE;1
AMOXILLINE ACIDE CLAVILANIQUE;AMOXILLINE ACIDE CLAVILANIQUE;1
AMPHOLITE G;AMPHOLITE G;1
AMYL HYDRIC D4;AMYL HYDRIC D4;1
ANANAS;ANANAS;1
ANANAS COMOSUS;ANANAS COMOSUS;1
ANATOXINE TETANIQUE PURIFIEE PAS MOINS DE 40 UI;ANATOXINE TETANIQUE PURIFIEE PAS MOINS DE 40 UI;1
ANETHUM GRAVEOLANS;ANETHUM GRAVEOLANS;1
ANTIGENE DE SURFACE DE VIRUS DE L’HEPATITE B, ADN R, PURIFIE;Antigene de surface de virus de l’hepatite B, ADN-r, purifie;1
ASCORBATE DE FER;ASCORBATE DE FER;1
ANTIGENE PROTEIQUE HBS;ANTIGENE PROTEIQUE HBS;1
AQUA;AQUA;1
ARETIUM LAPPA ( CONCENTRE PARFUME DE DYNAPHYTOLS DE BARDANE);ARETIUM LAPPA ( CONCENTRE PARFUME DE DYNAPHYTOLS DE BARDANE);1
ARTEMISININE;ARTEMISININE;1
ARTEROLANE;ARTEROLANE;1
ARTESUNATE;ARTÉSUNATE;1
ARTESUNATE STERILE;ARTESUNATE STERILE;1
ARTESUNATE, PYRONARIDINE;ARTESUNATE, PYRONARIDINE;1
ARTICHAUT;ARTICHAUT;1
ARTICHAUT EXTRAIT AQUEUX;ARTICHAUT EXTRAIT AQUEUX;1
ARTIUM LAPPA;ARTIUM LAPPA;1
ASA FOETIDA D3;ASA FOETIDA D3;1
CYANOCOBALAMINE (VITAMINE B12) 15MG;CYANOCOBALAMINE (VITAMINE B12) 15MG;1
CYANOCOBALAMINE TRITUREE;CYANOCOBALAMINE TRITUREE;1
IRINOTECAN CHLORHYDRATE TRIHYDRATE;IRINOTECAN CHLORHYDRATE TRIHYDRATE;1
GAULTHER D4;GAULTHER D4;1
FRANGULIA D1;FRANGULIA D1;1
FRUCT JUNIPERI;FRUCT JUNIPERI;1
FUCUS VESICULOSIS;FUCUS VESICULOSIS;1
FUMARATE DE TENOFIVIR;FUMARATE DE TÉNOFIVIR;1
FUMARIA OFF;FUMARIA OFF;1
FURATE DE DILOXANIDE;FURATE DE DILOXANIDE;1
FUROATE;FUROATE;1
G;g;1
GADODIAMIDE;GADODIAMIDE;1
GAIACOLATE DE GLYCERINE;GAIACOLATE DE GLYCERINE;1
GALLATE DE BISMITH;GALLATE DE BISMITH;1
GATIFLOXACINE;GATIFLOXACINE;1
GAULTHERIA PROCUMBENS;GAULTHERIA PROCUMBENS;1
FOS ACTILIGHT 950 P;FOS actilight 950 P;1
GELE ROYALE;GELE ROYALE;1
GELOSE;GELOSE;1
GELSEMIUM D4;GELSEMIUM D4;1
GINGEMBRE;GINGEMBRE;1
GINKGO BILOBA L;GINKGO BILOBA L;1
GINSENG;Ginseng;1
GINSENG EXTRAIT;GinsenG-extrait;1
GLUCOSAMINE SULFATE CHLORURE DE POTASSIUM;GLUCOSAMINE SULFATE CHLORURE DE POTASSIUM;1
GLYCERINE OFFICINALE;GLYCERINE OFFICINALE;1
GLYCERINE VEGETALE;GLYCÉRINE VÉGÉTALE;1
GLYCINE FERREUX SULFATE;GLYCINE FERREUX SULFATE;1
GLYCINE FERREUX SULFATE;Glycine ferreux sulfate;1
FRAGON EPINEUX;FRAGON EPINEUX;1
FORMOTEROL;FORMOTEROL;1
GLYCOCOLLE;GLYCOCOLLE;1
FER CARBONYLE EQUIVALENT AU FER ELEMENTAIRE 100MG;FER CARBONYLE ÉQUIVALENT AU FER ÉLÉMENTAIRE 100MG;1
EXTRAIT SEC DE RUSCUS TITRE EN HETEROSIDE STEROLIQUE;EXTRAIT SEC DE RUSCUS TITRE EN HETEROSIDE STEROLIQUE;1
EXTRAIT SEC D’AUBIER DE TILLEUL STANDARDISE;Extrait sec d’aubier de tilleul standardisé;1
EXTRAIT SEC HYDROALCOOLIQUE D’AUBEPINE;EXTRAIT SEC HYDROALCOOLIQUE D’AUBEPINE;1
EXTRAIT THEBAIQUE;EXTRAIT THEBAIQUE;1
EXTRAITS DE PLANTE;EXTRAITS DE PLANTE;1
FACTEUR VIII DE COAGULATION HUMAIN D’ACTIVITE SPECIFIQUE;FACTEUR VIII DE COAGULATION HUMAIN D’ACTIVITE SPECIFIQUE;1
FACTEUR VIII HUMAIN;FACTEUR VIII HUMAIN;1
FE.FUMARATE;Fe.FUMARATE;1
FENOUIL DOUX;FENOUIL DOUX;1
FENOUIL, BAIE D’AUDEPINE, MENTHE, RACINES MELISSE, FEUILLES DE ROMARIN;Fenouil, baie d’audepine, menthe, racines melisse, feuilles de romarin;1
FENSPIRIDE CHLORHYDRATE;FENSPIRIDE CHLORHYDRATE;1
FER AMMONIACAL;FER AMMONIACAL;1
FER ELEMENTAIRE;FER ELEMENTAIRE;1
FOLIICULINE OU ESTRONE;FOLIICULINE OU ESTRONE;1
FER, ACIDE FOLIQUE, VITAMINE B12, CUPRIQUE, MAGAN;FER, ACIDE FOLIQUE, VITAMINE B12, CUPRIQUE, MAGAN;1
FERRIC AMMONIUM CITRATE;FERRIC AMMONIUM CITRATE;1
FERRUM PHOSPHORICUM;FERRUM PHOSPHORICUM;1
FEUILLE D’ORTIE;FEUILLE D’ORTIE;1
FEUILLE D’ORTIE, MENTHE POIVREE, HIBISCUS;Feuille d’ortie, menthe poivree, hibiscus;1
FEXOFENADINE CHLORHYDRATE;FEXOFENADINE CHLORHYDRATE;1
FIBRES ALIMENTAIRES;fibres alimentaires;1
FISH OIL;FISH OIL;1
FLUOCINONIDE;FLUOCINONIDE;1
FLUTICASONE, SALMETEROL;FLUTICASONE, SALMETEROL;1
FOENICULUM VUL;foeniculum vul;1
FOLIC ACID;FOLIC ACID;1
GLYCIRRHIZA GLABRA;glycirrhiza glabra;1
GLYCOLLE;GLYCOLLE;1
EXTRAIT SEC AQUEUX D’ASPERULE;EXTRAIT SEC AQUEUX D’ASPERULE;1
HYDROXY CHLOHYDRATE DE L’ACIDE ANTHRANILIQUE;hydroxy chlohydrate de l’acide anthranilique;1
HUILES;HUILES;1
HUILES VEGETALE;huiles véGétale;1
HYDRASTININE CHLORURE;HYDRASTININE CHLORURE;1
HYDRASTIS;HYDRASTIS;1
HYDRATE DE TERPINE;HYDRATE DE TERPINE;1
HYDROCHLORIDE D’OLOPATADINE;HYDROCHLORIDE D’OLOPATADINE;1
HYDROCHLORURE DE METHYLDOPA;HYDROCHLORURE DE METHYLDOPA;1
HYDROCHLORURE DE YOHIMBINE;HYDROCHLORURE DE YOHIMBINE;1
HYDROCHLORURE DEXTROPROPOXYHENE;HYDROCHLORURE DEXTROPROPOXYHENE;1
HYDROGEL;HYDROGEL;1
HYDROGENATED;HYDROGENATED;1
HYDROGENOSUCCINATE D’HYDROCORTISONE;HYDROGENOSUCCINATE D’HYDROCORTISONE;1
HYDROXYCHLOROQUINE SULFATE;HYDROXYCHLOROQUINE SULFATE;1
HUILE ESSENTIEL;HUILE ESSENTIEL;1
HYDROYANTHRACENE GLYCOSIDE;HYDROYANTHRACÈNE GLYCOSIDE;1
HYOSCINE BYTYLE BROMURE;HYOSCINE BYTYLE BROMURE;1
IMMUNOGLOBULINE ANTI D HUMAINE;IMMUNOGLOBULINE ANTI-D HUMAINE;1
INSAPONIFIABLE D’HUILE DE SOJA;INSAPONIFIABLE D’HUILE DE SOJA;1
INSAPONIFIABLE D’HUILE D’AVOCAT;INSAPONIFIABLE D’HUILE D’AVOCAT;1
INSULINE HUMAINE BIOGENETIQUE;INSULINE HUMAINE BIOGENETIQUE;1
INSULINE HUMAINE BIOGENETIQUE AMORPHE;INSULINE HUMAINE BIOGENETIQUE AMORPHE;1
INSULINE RAPIDE;INSULINE RAPIDE;1
IODE(SOUS FORME D’IODATE DE POTASSIUM);IODE(SOUS FORME D’IODATE DE POTASSIUM);1
IONS SODIUM POTASSIUM CHLORUE ET ZING;IONS SODIUM POTASSIUM CHLORUE ET ZING;1
IPECA D4;IPECA D4;1
IRBESARTAN, HYDROCHLOROTHIAZIDE;IRBESARTAN, HYDROCHLOROTHIAZIDE;1
HUILE ESSENTIELLE DE THYM ROUGE;HUILE ESSENTIELLE DE THYM ROUGE;1
HUILE D’OLIVE INSAPONIFIABLE;HUILE D’OLIVE INSAPONIFIABLE;1
GLYCYRRIZA GLABRA;GLYCYRRIZA GLABRA;1
HUIJE DE THYM;HUIJE DE THYM;1
GOMME GUAR ENROBE;GOMME GUAR ENROBE;1
GOTU KOLA;GOTU KOLA;1
GOUDRON DE NORVEGE;GOUDRON DE NORVEGE;1
HAEMOPHILUS INFLUENZAE TYPE B, COUPLE PAR UNE LIAISON COVALENTE A L’ANATOXINE TETANIQUE;haemophilus influenzae type b, couplé par une liaison covalente A l’anatoxine TETANIQUE;1
HALOTHANE;HALOTHANE;1
HAMAMELIS;HAMAMELIS;1
2,4 DICHLOROBENZYL ACOOL;2,4 DICHLOROBENZYL ACOOL;1
HEMATOPORPHYRINE CHLORHYDRATE;HEMATOPORPHYRINE CHLORHYDRATE;1
HEMIFUMARATE;HEMIFUMARATE;1
HEPATITIS B SURFACE ANTIGEN PURIFIE;HEPATITIS B SURFACE ANTIGEN PURIFIE;1
HETEROSIDE STEROLIQUE;HETEROSIDE STEROLIQUE;1
HORMONE HUMAINE FOLLICULINO STIMULANTE RECOMBINEE;HORMONE HUMAINE FOLLICULINO STIMULANTE RECOMBINEE;1
HUILE D EUCALYPTUS;HUILE D EUCALYPTUS;1
HUILE D’ANIS;HUILE D’ANIS;1
HUILE DE CADE;HUILE DE CADE;1
HUILE DE CITRON;HUILE DE CITRON;1
HUILE DE FOIE DE POISSON;HUILE DE FOIE DE POISSON;1
HUILE DE FRUIT;HUILE DE FRUIT;1
HUILE DE LINBP;HUILE DE LINBP;1
HUILE DE MENTHE;HUILE DE MENTHE;1
HUILE DE POISSON;HUILE DE POISSON;1
HUILE DE POISSON;huile de poisson;1
HUILE DE TEREBENTINE;HUILE DE TEREBENTINE;1
HUILE DE THE;HUILE DE THE;1
HUILE DE TURPENTINE;HUILE DE TURPENTINE;1
HUILE D’ANETH;HUILE D’ANETH;1
EXTRAIT SEC BOURDAINE;Extrait sec bourdaine;1
EXTRAIT SEC AQUEUX DE TILLEUL;EXTRAIT SEC AQUEUX DE TILLEUL;1
CYCLAMEN D3;CYCLAMEN D3;1
ELEUTHEROCOCCUS;ELEUTHEROCOCCUS;1
DOLICHOS D3;DOLICHOS D3;1
DROTAVERINE;DROTAVERINE;1
DULCAMARA;DULCAMARA;1
EAU;EAU;1
EAU DE FLEUR D’ORANGER;EAU DE FLEUR D’ORANGER;1
EAU DE MER DILUEE HYPERTONIQUE (EQUIVALENT A 22 G;Eau de mer diluée hypertonique (équivalent à 22 g;1
EAU DE MER FILTREE A 0,22 Μ;EAU DE MER FILTRÉE A 0,22 µ;1
EAU DE MER HYPERTONIQUE;EAU DE MER HYPERTONIQUE;1
EAU MINERALE NATURELLE;EAU MINERALE NATURELLE;1
EAU THERMALE DE LA ROCHE POSAY;EAU THERMALE DE LA ROCHE POSAY;1
ECHINACEA AUGUSTIFOLIA;ECHINACEA AUGUSTIFOLIA;1
ECHINACEA PURPUREA;ECHINACEA PURPUREA;1
EMBLICA OFFICINALIS;emblica officinalis;1
DIPIVEPHRINE CHLORHYDRATE;DIPIVEPHRINE CHLORHYDRATE;1
EMEDASTINE;EMEDASTINE;1
EMULSIFIANTS;émulsifiants;1
ENAXOPARINE;ENAXOPARINE;1
ENBLICA OFFICINALIS;ENBLICA OFFICINALIS;1
ENOXACINE ANHYDRE;ENOXACINE ANHYDRE;1
ENOXOPARINE;ENOXOPARINE;1
EPA;EPA;1
EPHEDRINE HYDROCHLORIDE;EPHEDRINE HYDROCHLORIDE;1
EPINEPHRINE;EPINEPHRINE;1
EPROSARTAN;EPROSARTAN;1
EQ. A DICLOFENAC SODIUM;EQ. À DICLOFÉNAC SODIUM;1
ERGOMETRINE MALEATE;ERGOMETRINE MALEATE;1
DITHRANOL;DITHRANOL;1
DIPHENHYDRAMINE;DIPHENHYDRAMINE;1
ESDEPALLETINE;ESDEPALLETINE;1
DEXTROPROPOXYPHENE;DEXTROPROPOXYPHÉNE;1
CYPROHEPTADINE CHLOHYDRATE;CYPROHEPTADINE CHLOHYDRATE;1
CYPROHEPTADINE CHLORHYDRATE;CYPROHEPTADINE CHLORHYDRATE;1
DALTEPARINE;DALTEPARINE;1
DEGRE ALCOOLIQUE;DEGRÉ ALCOOLIQUE;1
DELTAMETHRINE;DELTAMETHRINE;1
DEPALLETHRINE;DEPALLETHRINE;1
DEPALLETRINE;DEPALLETRINE;1
DERIVES COUMARINES;DERIVES COUMARINES;1
DESOXYRIBONUCLEATE DE CA H.P;DESOXYRIBONUCLEATE DE CA H.P;1
DESOXYRIBONUCLEATE DE MG H.P;DESOXYRIBONUCLEATE DE mG H.P;1
DESOXYRIBONUCLEATE DE MN H.P;DESOXYRIBONUCLEATE DE MN H.P;1
DESOXYRIBONUCLEATE DE NA H.P;DESOXYRIBONUCLEATE DE NA H.P;1
DEXTROSE;DEXTROSE;1
DIOSMINE HEMISYNTHETIQUE ANHYDRE;DIOSMINE HEMISYNTHETIQUE ANHYDRE;1
DEXTROSE ANHYDRE;DEXTROSE ANHYDRE;1
DIACETATE DE 16 HYDROXYESTRONE;DIACETATE DE 16 HYDROXYESTRONE;1
DICLOFENAC RESINATE;DICLOFENAC RESINATE;1
DIHYDROARTEMISSININE;DIHYDROARTEMISSININE;1
DIHYDROATEMISININE, PIPERAQUINE PHOSPHATE;DIHYDROATEMISININE, PIPERAQUINE PHOSPHATE;1
DIHYDROERGOTAMINE;DIHYDROERGOTAMINE;1
DIHYROARTEMISINE;DIHYROARTEMISINE;1
DILOXANIDE;DILOXANIDE;1
DILOXANIDE FUROATE;DILOXANIDE FUROATE;1
DIMETHYLSULFOXIDE;DIMETHYLSULFOXIDE;1
DIMETICONE ACTIVE;DIMETICONE ACTIVE;1
DINI GEL TUBE;DINI GEL TUBE;1
ERYTHROPOIETINE;ÉRYTHROPOÏÉTINE;1
ESSENCE DE CEDRE;ESSENCE DE CEDRE;1
EXTRAIT MOU FUCUNS;EXTRAIT MOU FUCUNS;1
EXTRAIT DE REGLISSE;EXTRAIT DE REGLISSE;1
EXTRAIT DE GINSENG BLANC;EXTRAIT DE GINSENG BLANC;1
EXTRAIT DE GINSENG HAUTEMENT CONCENTREE;Extrait de GinsenG hautement concentree;1
EXTRAIT DE GLYCYRRHIZA GLABRA EN POUDRE;EXTRAIT DE GLYCYRRHIZA GLABRA EN POUDRE;1
EXTRAIT DE LEVURE SACCHAROMYCES CEREVISIAE TYPE D;EXTRAIT DE LEVURE SACCHAROMYCES CEREVISIAE TYPE D;1
EXTRAIT DE MATE VERT;EXTRAIT DE MATE VERT;1
EXTRAIT DE MENTHE EPICEE;EXTRAIT DE MENTHE EPICEE;1
EXTRAIT DE PHYTUM KOREANUM;EXTRAIT DE PHYTUM KOREANUM;1
EXTRAIT DE PIPER LONGUM EN POUDRE;EXTRAIT DE PIPER LONGUM EN POUDRE;1
EXTRAIT DE POLLEN;EXTRAIT DE POLLEN;1
EXTRAIT DE PROPOLIS;EXTRAIT DE PROPOLIS;1
EXTRAIT DE PRUNIER;EXTRAIT DE PRUNIER;1
EXTRAIT DE RACINE DE GINGENG;EXTRAIT DE RACINE DE GINGENG;1
EXTRAIT DE RHUBARDE;EXTRAIT DE RHUBARDE;1
EXTRAIT DE GINKGO BILOBA;EXTRAIT DE GINKGO BILOBA;1
EXTRAIT DE SOJA;EXTRAIT DE SOJA;1
EXTRAIT DE TERMINALIA BELLIRICA EN POUDRE;EXTRAIT DE TERMINALIA BELLIRICA EN POUDRE;1
EXTRAIT D’ADHATODA VASICA EN POUDRE;EXTRAIT D’ADHATODA VASICA EN POUDRE;1
EXTRAIT D’ALPINIA GALANGA EN POUDRE;EXTRAIT D’ALPINIA GALANGA EN POUDRE;1
EXTRAIT D’ANIS;EXTRAIT D’ANIS;1
EXTRAIT D’ECORCE DE CASCARA;EXTRAIT D’ECORCE DE CASCARA;1
EXTRAIT D’OCIMUM EN POUDRE;EXTRAIT D’OCIMUM EN POUDRE;1
EXTRAIT FEUILLE DE SENE;EXTRAIT FEUILLE DE SENE;1
EXTRAIT FLUIDE D\’IPECA;EXTRAIT FLUIDE D\’IPECA;1
EXTRAIT FLUIDE D’ERYSIMUM;EXTRAIT FLUIDE D’ERYSIMUM;1
EXTRAIT FLUIDE D’ERYSIMUM;Extrait fluide d’érysimum;1
EXTRAIT LIPIDOSTEROLIQUE DE SERENOA REPENS;EXTRAIT LIPIDOSTEROLIQUE DE SERENOA REPENS;1
EXTRAIT DE GINSENG;EXTRAIT DE GINSENG;1
EXTRAIT DE FLEURS DE TILLEUL;EXTRAIT DE FLEURS DE TILLEUL;1
ESSENCE DE GERANIUM DETERPENEE;ESSENCE DE GERANIUM DETERPENEE;1
ETHYLMETHYLHYDROXYPYRIDINE SUCCINATE;ETHYLMETHYLHYDROXYPYRIDINE SUCCINATE;1
ESSENCE DE PIN;ESSENCE DE PIN;1
ESSENCE DE ROMARIN DETERPENEE;ESSENCE DE ROMARIN DETERPENEE;1
ESSENCE D’ANIS;ESSENCE D’ANIS;1
ESSENCE D’EUCALYPTUS;ESSENCE D’EUCALYPTUS;1
ESSENCE NATURELLE DE CITRON ET DE THYM;ESSENCE NATURELLE DE CITRON ET DE THYM;1
ESSENCES;ESSENCES;1
ESTERS D’ALPHAHYDROXYACIDES 7%;ESTERS D’ALPHAHYDROXYACIDES 7%;1
ESTRADIOL ETHINYLIQUE;ESTRADIOL ETHINYLIQUE;1
ESTRONE;ESTRONE;1
ETHANOL;ETHANOL;1
ETHINYLESTRADIOL MICRONISE;ETHINYLESTRADIOL MICRONISE;1
ETHIONAMIDE;ETHIONAMIDE;1
EUCALYPTUS;EUCALYPTUS;1
EXTRAIT DE FEUILLES DE GOYAVE;EXTRAIT DE FEUILLES DE GOYAVE;1
EUCALYPTUS D1;EUCALYPTUS D1;1
EUCALYPTUS GLOBULUS;EUCALYPTUS GLOBULUS;1
EUPATORIUM D3;EUPATORIUM D3;1
EVOMYNE BRUNE;EVOMYNE BRUNE;1
EXTRAIT AMINE DE LEVURES;EXTRAIT AMINE DE LEVURES;1
EXTRAIT ANTHACYANOSIDIQUE DE VACCINIUM MYRTILLUS;EXTRAIT ANTHACYANOSIDIQUE DE VACCINIUM MYRTILLUS;1
EXTRAIT BILLIARE;EXTRAIT BILLIARE;1
EXTRAIT CONCENTRE DE FOIE;EXTRAIT CONCENTRE DE FOIE;1
EXTRAIT D ACEROLA;EXTRAIT D ACEROLA;1
EXTRAIT DE CAMOMILE;EXTRAIT DE CAMOMILE;1
EXTRAIT DE CURCUMA LONGA EN POUDRE;EXTRAIT DE CURCUMA LONGA EN POUDRE;1
EXTRAIT DE FENOUILLE;EXTRAIT DE FENOUILLE;1
HCL DE CINCHOCAINE;HCL DE CINCHOCAINE;1
